16	2026-09-22	Evaluated	Applied	set-status	
17	2026-09-22	Evaluated	Applied	set-status	
19	2026-09-23	Evaluated	Applied	set-status	
20	2026-09-23	Evaluated	Applied	set-status	
1	2026-09-23	Applied	Rejected	set-status	
21	2026-09-23	Evaluated	Applied	set-status	
22	2026-09-23	Evaluated	Applied	set-status	
5	2026-09-23	Applied	Rejected	set-status	
25	2026-09-24	Evaluated	Applied	set-status	
26	2026-09-24	Evaluated	Applied	set-status	
27	2026-09-24	Evaluated	Applied	set-status	
30	2026-09-24	Evaluated	Applied	set-status	
29	2026-09-24	Evaluated	Applied	set-status	
31	2026-09-24	Evaluated	Discarded	set-status	
21	2026-09-27	Applied	Rejected	set-status	
29	2026-09-27	Applied	Rejected	set-status
37	2026-09-27	Evaluated	SKIP	set-status	
38	2026-09-27	Evaluated	SKIP	set-status	
39	2026-09-27	Evaluated	SKIP	set-status	
40	2026-09-27	Evaluated	SKIP	set-status	
41	2026-09-27	Evaluated	SKIP	set-status	
42	2026-09-27	Evaluated	SKIP	set-status	
43	2026-09-27	Evaluated	SKIP	set-status	
44	2026-09-27	Evaluated	SKIP	set-status	
45	2026-09-27	Evaluated	SKIP	set-status	
46	2026-09-27	Evaluated	SKIP	set-status	
47	2026-09-27	Evaluated	SKIP	set-status	
48	2026-09-27	Evaluated	SKIP	set-status	
49	2026-09-27	Evaluated	SKIP	set-status	
50	2026-09-27	Evaluated	SKIP	set-status	
51	2026-09-27	Evaluated	SKIP	set-status	
52	2026-09-27	Evaluated	SKIP	set-status	
53	2026-09-27	Evaluated	SKIP	set-status	
54	2026-09-27	Evaluated	SKIP	set-status	
55	2026-09-27	Evaluated	SKIP	set-status	
56	2026-09-27	Evaluated	SKIP	set-status	
57	2026-09-27	Evaluated	SKIP	set-status
58	2026-09-27	Evaluated	SKIP	set-status
59	2026-09-27	Evaluated	SKIP	set-status	
60	2026-09-27	Evaluated	SKIP	set-status	
62	2026-09-28	Evaluated	Applied	set-status	
